1,191.0,428054528.98592156,395900388.9507029,424136924.0833039,-0.6922121183055934,0.22741167204861412,0.4646219207636887,0.0,0.0,-0.33913167994721544,-0.6922121183055934,-0.03993013942712467,-0.4646219207636887
2,413.3762512207031,450673449.54866445,418659576.1201681,447653998.31852174,-0.40828221029915496,0.3474629667973951,0.06339950881529213,0.0,0.0,-0.32000943904955864,-0.40828221029915496,-0.029195054633525633,-0.06339950881529213
3,635.7525024414062,429884182.5502091,402002152.99510854,425631293.6000893,-0.32144043329281125,0.491022216368571,-0.17045870969221233,0.0,0.0,-0.29123086652446806,-0.32144043329281125,-0.04317914682929969,0.17045870969221233
4,858.1287231445312,398571349.1872395,372729401.2538311,393453303.3282634,-0.04315099812730662,0.2787356264758063,-0.2366645021129555,0.0,0.0,-0.2911242508843861,-0.04315099812730662,-0.056128808789471116,0.2366645021129555
5,1080.5050048828125,365412376.6408019,341007067.5104753,360551359.2427498,-0.001910410081360283,0.37039545286990433,-0.3713104961032855,0.0,0.0,-0.30019872950705845,-0.001910410081360283,-0.05816115819629446,0.3713104961032855
6,1302.8812255859375,336673600.7930883,313991184.2898929,331725772.59221435,0.013194860471370723,0.5294020494065313,-0.545123790657508,0.0,0.0,-0.30291609017271065,0.013194860471370723,-0.06429849642182185,0.545123790657508
7,1525.2574462890625,312846743.8637185,291847082.7559852,307852779.68614507,0.04524464123020143,0.6559426020023238,-0.7022578744872567,0.0,0.0,-0.301762826134357,0.04524464123020143,-0.06988559854366952,0.7022578744872567
8,1747.6336669921875,293525521.3690264,273692488.27081025,288911543.34009707,0.08976716947494273,0.7674424749464968,-0.8533040667471274,0.0,0.0,-0.30382990149110295,0.08976716947494273,-0.06880973886176665,0.8533040667471274
9,1970.0098876953125,278666154.7875601,259713644.435103,274703317.6017448,0.11674155554188542,0.9003016694430399,-1.0187639346449275,0.0,0.0,-0.30589458446150564,0.11674155554188542,-0.06220320526692766,1.0187639346449275
10,2192.38623046875,267887890.19527882,249705969.00030398,264997421.60688376,0.17486503627860758,1.0015736911535407,-1.1805082840939742,0.0,0.0,-0.3052415797821884,0.17486503627860758,-0.04711433554903906,1.1805082840939742
11,2414.762451171875,260765124.59768078,242503551.01316792,258898911.79068276,0.144288393667923,1.2310406102349982,-1.3764790873996304,0.0,0.0,-0.3153140485696762,0.144288393667923,-0.03119282273144821,1.3764790873996304
12,2637.138671875,256481434.5241691,238481933.33213273,255095645.32144964,0.16836774526513976,1.3664938040689516,-1.5350215600347294,0.0,0.0,-0.31600450275975,0.16836774526513976,-0.02352889132928641,1.5350215600347294
13,2859.514892578125,253422628.11428243,235547804.58413506,252964710.0317155,0.17427741586498044,1.4676208634423893,-1.639887889331066,0.0,0.0,-0.31766329681335276,0.17427741586498044,-0.007854515136904338,1.639887889331066
14,3081.89111328125,251224533.32192236,233504174.46686566,251440096.08539873,0.2011912846880451,1.506019560608058,-1.6986654460669812,0.0,0.0,-0.31767399082999354,0.2011912846880451,0.003724858243193976,1.6986654460669812
15,3304.267333984375,248641571.48897445,231241793.20387495,249618583.1512323,0.2292763243758042,1.4954681530053882,-1.730023785428637,0.0,0.0,-0.3150741347362416,0.2292763243758042,0.01703171780993954,1.730023785428637
16,3526.6435546875,244979949.06251228,228132321.1259442,246384164.99189252,0.37732571677792326,1.3040563271715553,-1.6921617447040056,0.0,0.0,-0.30943720786929224,0.37732571677792326,0.024822524571315056,1.6921617447040056
17,3749.019775390625,239355295.54026037,222453166.17709324,240946008.39500487,0.18970507072906212,1.4812537011828981,-1.678431295111414,0.0,0.0,-0.3180444889095402,0.18970507072906212,0.02876695671379078,1.678431295111414
18,3971.39599609375,231240951.59797996,215349319.90508908,232965249.844419,0.2993701585125097,1.3131013448216233,-1.6162708962016379,0.0,0.0,-0.30921243351491984,0.2993701585125097,0.03226396611704513,1.6162708962016379
19,4193.7724609375,221276442.1060884,205670606.46512443,222647452.43820634,0.29035575394049806,1.309345298095296,-1.5922879298463,0.0,0.0,-0.3176295114012004,0.29035575394049806,0.026825504203592254,1.5922879298463
20,4416.1484375,210502383.1504579,196378629.712087,211073667.62585586,0.3433818330174203,1.2525638088462605,-1.5930104625808075,0.0,0.0,-0.3016279166807525,0.3433818330174203,0.011770395717421903,1.5930104625808075
21,4638.52490234375,199027907.63554984,185707872.4555585,198336866.1105231,0.5299569003327445,1.0760908802677829,-1.6161122828292112,0.0,0.0,-0.30083662754017787,0.5299569003327445,-0.015105305928662074,1.6161122828292112
22,4860.90087890625,187305740.93531394,174270105.36130363,185479950.97863144,0.42741049302149486,1.205540701463311,-1.6376235610065843,0.0,0.0,-0.31328194973960144,0.42741049302149486,-0.04254116296337447,1.6376235610065843
23,5083.27734375,175924706.37299722,163079256.23049325,173013969.63982338,0.7307791605947833,0.9797703705339194,-1.7188047420297572,0.0,0.0,-0.3292811278048864,0.7307791605947833,-0.07245664125348754,1.7188047420297572
24,5305.6533203125,165604472.40552115,153035824.15582833,161722725.86751664,0.28376612259047496,1.5357599866350884,-1.8083999871383907,0.0,0.0,-0.3427895468974848,0.28376612259047496,-0.10301008563036615,1.8083999871383907
25,5528.02978515625,155854644.9991922,144453626.22431886,151821197.26714736,0.1329857564383951,1.803950165875769,-1.9632611435457028,0.0,0.0,-0.3299130183402905,0.1329857564383951,-0.11387338295959049,1.9632611435457028
26,5750.40576171875,148177709.03901047,135342081.78213271,143495180.71702313,0.06850703189413934,2.225376917431321,-2.2842705034026585,0.0,0.0,-0.3935002355717162,0.06850703189413934,-0.13945560371180335,2.2842705034026585
27,5972.7822265625,142539445.07936108,131606962.28933401,137369147.9390415,0.07917886920969924,2.553407885021561,-2.581725165523098,0.0,0.0,-0.3465619872024333,0.07917886920969924,-0.16045859258307077,2.581725165523098
28,6195.158203125,138830106.24894494,128239681.41694556,133339774.93828236,0.030152299810814874,2.8557393078655355,-2.880837330423947,0.0,0.0,-0.34461225593199907,0.030152299810814874,-0.1752393827966965,2.880837330423947
29,6417.53466796875,136207583.22178382,125893422.94570114,130790240.96844192,0.03991880494447603,3.076952509358853,-3.1306316852412417,0.0,0.0,-0.34198245323992704,0.03991880494447603,-0.17625947239907896,3.1306316852412417
30,6639.9111328125,134005196.58638261,123770931.6300264,129089794.93279997,0.05225957928457567,3.3460858939008853,-3.3573652456717635,0.0,0.0,-0.34502980283135026,0.05225957928457567,-0.16229729294534334,3.3573652456717635
31,6862.287109375,131895877.06216475,122035297.9915846,127791155.03384748,0.1827436267546276,3.421208766848272,-3.5985885998433256,0.0,0.0,-0.33745754164458985,0.1827436267546276,-0.13730424626866564,3.5985885998433256
32,7084.66357421875,129932838.22829857,120882160.83938488,126870228.39501901,0.1977905133433334,3.6004988769857045,-3.808372685364429,0.0,0.0,-0.3135671053105113,0.1977905133433334,-0.10359203504228191,3.808372685364429
33,7307.03955078125,127925358.43603437,118764875.48579049,125988465.32186359,0.09352284407360537,3.833688212102956,-3.938504429711997,0.0,0.0,-0.32268624737625196,0.09352284407360537,-0.06625856721005795,3.938504429711997
34,7529.416015625,125666290.75131229,116816487.45842315,124732403.70564035,0.13038261109174307,3.9553346459789633,-4.045731170486888,0.0,0.0,-0.31714653000208315,0.13038261109174307,-0.03239504679439419,4.045731170486888
35,7751.7919921875,123121375.97315001,114673352.43530694,122758606.23914495,0.15932870875481037,3.983137518190434,-4.123096590546631,0.0,0.0,-0.3087095127442991,0.15932870875481037,-0.01281511464083113,4.123096590546631
36,7974.16845703125,119937264.32911877,111955505.228498,119928784.7042746,0.20591790991269193,3.8909303300435,-4.091726755708498,0.0,0.0,-0.29908684553323955,0.20591790991269193,-0.00030705923533667245,4.091726755708498
37,8196.544921875,115921554.93997309,108334953.17755818,116307686.00679815,0.24399836763964006,3.7652786190726304,-4.016621281599211,0.0,0.0,-0.29395598050315086,0.24399836763964006,0.01444217321363065,4.016621281599211
38,8418.9208984375,111449590.40635037,104549904.3743468,111720349.64201891,0.26542177376479825,3.6373272917228836,-3.890206628239093,0.0,0.0,-0.27754836792809373,0.26542177376479825,0.010538094838864632,3.890206628239093
39,8641.296875,106835290.0500623,100438704.07563722,106576985.69385037,0.29233041424399187,3.53629561201341,-3.804965079385409,0.0,0.0,-0.2681363289484926,0.29233041424399187,-0.010513004553566654,3.804965079385409
40,8863.6728515625,102142543.13886279,96289604.78476277,100894691.6925677,0.3438018329784425,3.3885655240663493,-3.7354092566572143,0.0,0.0,-0.25627262519575317,0.3438018329784425,-0.05338349109785336,3.7354092566572143
41,9086.0498046875,97656260.3190939,92199764.0978964,94934924.87277223,0.43960347670901423,3.204181223422767,-3.631219771822457,0.0,0.0,-0.24970279380815255,0.43960347670901423,-0.12274078201754439,3.631219771822457
42,9308.42578125,93302620.56856713,87911448.58413234,89206725.18993637,0.4986938258628577,2.9713041563074865,-3.488751142522234,0.0,0.0,-0.25848405528372875,0.4986938258628577,-0.19496245284101255,3.488751142522234
43,9530.8017578125,89362960.2953951,83693697.10750398,84174851.02255642,0.5800287570140947,2.8252894240688597,-3.4087193942623055,0.0,0.0,-0.2846479414502889,0.5800287570140947,-0.2597519064488977,3.4087193942623055
44,9753.177734375,85982971.39858902,80131380.36985993,79955875.3682275,0.5062309656268678,2.9433198070845568,-3.449803388547858,0.0,0.0,-0.306098252773619,0.5062309656268678,-0.31562067027530116,3.449803388547858
45,9975.5546875,82996448.10984218,76945822.364938,76286754.31268124,0.4419559099146051,3.2037317278883854,-3.6394637044833926,0.0,0.0,-0.3287446127268282,0.4419559099146051,-0.3661036899606121,3.6394637044833926
46,10197.9306640625,80577860.43330985,74277817.78431958,73270133.85426119,0.3677554497055969,3.5602577319591013,-3.936758895537764,0.0,0.0,-0.3535659540426011,0.3677554497055969,-0.4128874654213094,3.936758895537764
47,10420.306640625,78399087.81657836,72162919.06785852,70781590.12437463,0.2971236853401323,3.979612038261368,-4.273176997118279,0.0,0.0,-0.35996917072832674,0.2971236853401323,-0.4439069470744459,4.273176997118279
48,10642.68359375,76701037.77521594,70425868.2355195,68912818.59768808,0.254560110767683,4.418879164387722,-4.685716031218922,0.0,0.0,-0.3706903022076512,0.254560110767683,-0.4650122672881539,4.685716031218922
49,10865.0595703125,75140028.48009998,68852678.64752887,67552797.29744333,0.23214214600841898,4.9011607327685915,-5.132686801244892,0.0,0.0,-0.37950514604190916,0.23214214600841898,-0.4622801788259833,5.132686801244892
50,11087.435546875,73608564.26621547,67291539.60273066,66599660.713215,0.23461864229277085,5.378192927582829,-5.616950511488886,0.0,0.0,-0.3896788201251928,0.23461864229277085,-0.4345633021130434,5.616950511488886
51,11309.8115234375,72135520.8295736,65878299.48945414,66100219.251902446,0.23487606280798176,5.7941080604442465,-6.020105819419123,0.0,0.0,-0.3940679157538917,0.23487606280798176,-0.3794627178763823,6.020105819419123
52,11532.1884765625,70709626.58806789,64596195.102669865,65803817.18523014,0.22977562462420187,6.0991002361964135,-6.323308735861438,0.0,0.0,-0.3927160619169423,0.22977562462420187,-0.31227456629472167,6.323308735861438
53,11754.564453125,69168625.62070256,63351263.32429215,65648372.97592552,0.19616666481724254,6.258330555005102,-6.448576769903409,0.0,0.0,-0.3815386651716792,0.19616666481724254,-0.22685179302333294,6.448576769903409
54,11976.9404296875,67414102.04593715,61909344.119943514,65428327.51127585,0.13390015799831997,6.310627022569026,-6.441900055957133,0.0,0.0,-0.3699455106973577,0.13390015799831997,-0.12984935164284805,6.441900055957133
55,12199.31640625,65391821.68576774,60484962.56155056,64847389.26802294,0.10731625673067492,6.069664472073397,-6.181181776208371,0.0,0.0,-0.3387601994117604,0.10731625673067492,-0.03630939873246027,6.181181776208371
56,12421.693359375,62934167.60941975,58395973.76994685,63987958.27156349,0.04632469300556702,5.9290979049393435,-5.978974151224856,0.0,0.0,-0.325035876096964,0.04632469300556702,0.07211760485869904,5.978974151224856
57,12644.0693359375,60364304.54952778,56367779.963702366,62542999.13561705,-0.04894825597626296,5.715943124755833,-5.6682398225804205,0.0,0.0,-0.2974927100246129,-0.04894825597626296,0.15398501668724632,5.6682398225804205
58,12866.4453125,57589454.09243296,54194743.094484515,60618520.34664659,-0.1210029902988575,5.459363306117762,-5.342926152709277,0.0,0.0,-0.26385799849862335,-0.1210029902988575,0.22262369610296845,5.342926152709277
59,13088.822265625,54880472.39935207,52054947.375673115,58273575.166247785,-0.23795245374249444,5.174212695669793,-4.923895797885487,0.0,0.0,-0.2295582925996713,-0.23795245374249444,0.26053822459507686,4.923895797885487
60,13311.1982421875,52244692.162423015,50004105.94373302,55675918.70603225,-0.27805149736197265,4.665842243104347,-4.387152427267159,0.0,0.0,-0.1903650791396767,-0.27805149736197265,0.2762521748063133,4.387152427267159
61,13533.57421875,49659286.10633306,47918317.40137991,52870622.86166392,-0.2656418253450804,4.1782584600192685,-3.908816191769416,0.0,0.0,-0.15498912038454185,-0.2656418253450804,0.27213954881931196,3.908816191769416
62,13755.9501953125,47450741.85519411,46089404.954215005,50048537.9777123,-0.1955058309425931,3.7471482503917586,-3.5547113014428584,0.0,0.0,-0.12641905549051186,-0.1955058309425931,0.23148388681528367,3.5547113014428584
63,13978.3271484375,45706375.320079684,44523843.825659834,47215848.357155204,-0.08307874994688434,3.4490524495933403,-3.370397899240616,0.0,0.0,-0.11384130814959202,-0.08307874994688434,0.14111015796454984,3.370397899240616
64,14200.703125,44332846.67184299,42947383.62764478,44263462.59087762,0.12001001091335049,3.31499784836741,-3.426860653361127,0.0,0.0,-0.13788907254929,0.12001001091335049,-0.006802344229999415,3.426860653361127
65,14423.0791015625,43154156.26687741,41436160.85982308,41421772.647728845,0.44193326138858413,3.0928972826827508,-3.547441075839485,0.0,0.0,-0.17643119493560205,0.44193326138858413,-0.17793949255183822,3.547441075839485
66,14645.455078125,42311008.75384709,40182612.0016396,38896118.9445619,0.5600094990601678,3.104091074083387,-3.6571089339252483,0.0,0.0,-0.2241521574858606,0.5600094990601678,-0.3654711006847291,3.6571089339252483
67,14867.83203125,41567551.770664185,39087920.32416782,36765305.15402186,0.6390934988129564,3.308417872712271,-3.94872140226661,0.0,0.0,-0.26711881978324203,0.6390934988129564,-0.53316271363241,3.94872140226661
68,15090.2080078125,40932299.08477739,38094353.26516771,34917197.51788896,0.729304780200084,3.7907031363230397,-4.514219362317221,0.0,0.0,-0.31205533902050353,0.729304780200084,-0.6902675916556933,4.514219362317221
69,15312.583984375,40133400.18440013,37065011.34255028,33294676.320759583,0.8844369567407686,4.28266150613155,-5.166766699205128,0.0,0.0,-0.34541818256805057,0.8844369567407686,-0.8113115842691438,5.166766699205128
70,15534.9599609375,39068742.15878045,35953207.32390137,31753499.537084058,1.0986962709118786,4.96126269278653,-6.050431392456192,0.0,0.0,-0.3609178997039033,1.0986962709118786,-0.9003783344227909,6.050431392456192
71,15757.3369140625,37668310.84855273,34688422.55549267,30212869.363897756,1.3538508515644783,5.739809843288833,-7.10049902771296,0.0,0.0,-0.35791594778183566,1.3538508515644783,-0.9578417280728451,7.10049902771296
72,15979.712890625,35988643.57092865,33182652.26460193,28864366.537810832,1.76069826976618,6.773079865849699,-8.525813455860595,0.0,0.0,-0.35254382286915753,1.76069826976618,-0.9580344735576117,8.525813455860595
73,16202.0888671875,34075987.3298973,31486690.75209979,27565998.51000773,2.3154955232956818,7.794133735799468,-10.123791386984735,0.0,0.0,-0.3432142936291339,2.3154955232956818,-0.9207471975138232,10.123791386984735
74,16424.46484375,32444730.702275895,29831288.195999615,26483238.669623666,3.0138515992397563,8.829227369303512,-11.84473707428187,0.0,0.0,-0.36472165997476186,3.0138515992397563,-0.8817307932790492,11.84473707428187
75,16646.841796875,31347593.29006424,28573600.223272566,25697461.64220637,3.5044409599886506,9.698880724718101,-13.200439593762685,0.0,0.0,-0.40239239339371896,3.5044409599886506,-0.8631397703490422,13.200439593762685
76,16869.21875,30787939.82241179,27780512.56183411,25321337.602646783,3.611881964098533,10.32773237262292,-13.93863704826896,0.0,0.0,-0.4464037463702558,3.611881964098533,-0.8489398541505778,13.93863704826896
77,17091.59375,30471579.95865603,27264188.905616716,25171138.342566747,3.3517948484387303,10.689362693879172,-14.038195473005135,0.0,0.0,-0.48302390881600427,3.3517948484387303,-0.8299211650047804,14.038195473005135
78,17313.970703125,29908840.27911505,26757966.34698502,25092286.357758544,3.0253984435040033,10.782840078757156,-13.813573732884779,0.0,0.0,-0.48346470310624884,3.0253984435040033,-0.7625933836630722,13.813573732884779
79,17536.345703125,29127067.29076413,26168081.85395033,24870251.0982368,2.544614385149,10.70974394812188,-13.237286940507154,0.0,0.0,-0.4652486954120022,2.544614385149,-0.6861658906451469,13.237286940507154
80,17758.72265625,28093083.85931346,25521311.06826846,24502186.528656278,1.9895471388459787,10.381230655672399,-12.35970549614569,0.0,0.0,-0.41696434598371557,1.9895471388459787,-0.5939457387380347,12.35970549614569
81,17981.099609375,26908830.913402338,24758093.21947846,24111761.60904967,1.3739688062305513,10.134152455900995,-11.504704303583615,0.0,0.0,-0.36177635910816053,1.3739688062305513,-0.47665888567390324,11.504704303583615
82,18203.474609375,25604457.51299108,23870019.110694274,23554880.859270062,0.7685096504930389,9.958590750092394,-10.73054316740143,0.0,0.0,-0.3046281207010817,0.7685096504930389,-0.3623466686396891,10.73054316740143
83,18425.8515625,24288120.395494066,23020561.78820812,22949933.896482706,0.28378661129344246,9.798147270621008,-10.072153595596387,0.0,0.0,-0.2327798916528784,0.28378661129344246,-0.24612468044500085,10.072153595596387
84,18648.228515625,23021715.469522834,22261526.916129187,22114748.517333206,0.004158141577714138,9.589391729321036,-9.594327581563117,0.0,0.0,-0.14582732833720216,0.004158141577714138,-0.1745567701384006,9.594327581563117
85,18870.603515625,21994089.695742562,21589507.38947455,21162034.027764082,0.05373667202807201,9.281513291588517,-9.324423777103782,0.0,0.0,-0.08063258755576237,0.05373667202807201,-0.16748583469560951,9.324423777103782
86,19092.98046875,21576865.978753228,21133256.118935466,20273324.10768684,0.21286319173746165,8.845062739603495,-9.061241462301123,0.0,0.0,-0.09021947640356763,0.21286319173746165,-0.2706340057027631,9.061241462301123
87,19315.35546875,21560148.17649193,20709444.70479368,19632818.056331675,0.4004643436983514,8.358849755844236,-8.747470966869527,0.0,0.0,-0.17483287260054023,0.4004643436983514,-0.40669099446419144,8.747470966869527
88,19537.732421875,21647692.003166787,20326388.805448968,19252210.913172074,0.4499178282217593,7.931314705305483,-8.372322679458069,0.0,0.0,-0.2735137173083046,0.4499178282217593,-0.5093098944182322,8.372322679458069
89,19760.109375,21604400.082383677,20020533.775070816,19077470.493131258,0.47662864466525723,7.568273948179119,-8.042784280831114,0.0,0.0,-0.33066559004003515,0.47662864466525723,-0.5402142068260047,8.042784280831114
90,19982.484375,21488420.205165677,19579936.881962493,18853083.614743043,0.41320518297954323,7.606845949522372,-8.02622721062754,0.0,0.0,-0.40393200543964103,0.41320518297954323,-0.5682209436017925,8.02622721062754
91,20204.861328125,21205402.5709802,19067041.373905923,18574380.541021794,0.423364034227421,7.757766304864475,-8.181483105731537,0.0,0.0,-0.46163212724383684,0.423364034227421,-0.575321828024919,8.181483105731537
92,20427.23828125,20761661.86848755,18418386.919633705,18304650.87643641,0.544986825299748,8.036060075065134,-8.583145143567638,0.0,0.0,-0.5201052163423505,0.544986825299748,-0.5470066367340763,8.583145143567638
93,20649.61328125,20089348.959489085,17683416.82374895,17783663.31223072,0.6848118102446702,8.284944759498647,-8.981341293346974,0.0,0.0,-0.5539967868856267,0.6848118102446702,-0.529446351638171,8.981341293346974
94,20871.990234375,19403215.5293506,17010377.26427105,17263682.338851526,0.7863574924661698,8.55290638698174,-9.326182814365083,0.0,0.0,-0.5715976210355479,0.7863574924661698,-0.5074027165579078,9.326182814365083
95,21094.3671875,18656358.863602415,16318712.962754592,16655293.86018509,0.8086903904662239,8.86924587523268,-9.676261244792803,0.0,0.0,-0.5814098352687216,0.8086903904662239,-0.49274587377538226,9.676261244792803
96,21316.7421875,17807579.663384587,15566655.689227443,16115509.479186706,0.8539649072850756,9.164233630285672,-10.029550746633316,0.0,0.0,-0.5840957627929075,0.8539649072850756,-0.4336085592136961,10.029550746633316
97,21539.119140625,16939012.606081076,14880320.397344222,15606158.173988592,0.9020005109606255,9.321066952624072,-10.236971152741148,0.0,0.0,-0.5627580885070299,0.9020005109606255,-0.35592086891681535,10.236971152741148
98,21761.494140625,16046654.388493806,14298650.707601571,15148531.03587807,1.0546357891361768,9.247542077038204,-10.300385931104177,0.0,0.0,-0.5008944172403356,1.0546357891361768,-0.2501397789012073,10.300385931104177
99,21983.87109375,15292027.302352287,13865877.129113529,14647647.043717943,0.9979712816019843,9.040749871861527,-10.039036072139286,0.0,0.0,-0.4251771730724984,0.9979712816019843,-0.18697198271280313,10.039036072139286
100,22206.248046875,14631380.38034143,13512386.585990515,14113694.492727472,0.8544062533755372,8.697874032243899,-9.549986879607522,0.0,0.0,-0.345532392624864,0.8544062533755372,-0.1564458866683198,9.549986879607522
101,22428.623046875,14138718.960495105,13130745.097972568,13478943.978541022,0.804164197180659,8.379985279676339,-9.179036921214983,0.0,0.0,-0.3212069133962283,0.804164197180659,-0.20754193672082835,9.179036921214983
102,22651.0,13661506.265356729,12821138.639336716,12846902.283493772,0.7124078296690838,8.003067994086168,-8.705618191774066,0.0,0.0,-0.27571989245905026,0.7124078296690838,-0.26700164841208635,8.705618191774066
103,22873.376953125,13282964.191347469,12571069.456935594,12183757.443654373,0.6686194466796,7.6010026627364775,-8.269948363351919,0.0,0.0,-0.23922775926653528,0.6686194466796,-0.37513757456958086,8.269948363351919
104,23095.751953125,12979734.019625574,12385784.572476398,11466287.43082171,0.4455607385770075,7.317407603314743,-7.770010291449328,0.0,0.0,-0.20342271004042822,0.4455607385770075,-0.5384296876500821,7.770010291449328
105,23318.12890625,12746336.570103763,12161883.760308256,10822757.495542943,0.40377309383160825,7.049987480141892,-7.464640922639838,0.0,0.0,-0.20384533708072303,0.40377309383160825,-0.7104745458385917,7.464640922639838
106,23540.505859375,12510045.249965942,11920748.13615512,10277062.591023814,0.48458762582646087,6.9684279463824375,-7.460763266290856,0.0,0.0,-0.2095536836173329,0.48458762582646087,-0.8538987903264527,7.460763266290856
107,23762.880859375,12292187.213939682,11694852.91304522,9773508.379427353,0.6705987427697732,7.027064704212315,-7.695702551143876,0.0,0.0,-0.21634402049969095,0.6705987427697732,-0.9957867643150056,7.695702551143876
108,23985.2578125,12136445.906745736,11501737.900039123,9274076.227751736,0.7043623892814572,7.595839154233639,-8.293894327670504,0.0,0.0,-0.2332805780832079,0.7043623892814572,-1.1682086330844723,8.293894327670504
109,24207.6328125,12006246.365914661,11331270.98245956,8815301.729887065,0.7163726134351298,8.607711628695316,-9.319066611323617,0.0,0.0,-0.25128625115633646,0.7163726134351298,-1.341700688438433,9.319066611323617
110,24430.009765625,11914170.961421877,11145429.633146174,8417107.52507649,0.7909858139681709,9.9985752780378,-10.791728165142311,0.0,0.0,-0.2896701339217641,0.7909858139681709,-1.5090095253649944,10.791728165142311
111,24652.38671875,11731171.096310329,10935620.72676156,8144576.571749257,1.0524919958899914,11.544305785529835,-12.608371714086022,0.0,0.0,-0.3049792945746819,1.0524919958899914,-1.5847285821364145,12.608371714086022
112,24874.76171875,11443269.413324563,10738057.244818408,8039160.276044618,1.4432383834157778,13.159548356741436,-14.61264615398543,0.0,0.0,-0.2762440795657771,1.4432383834157778,-1.5333943558312866,14.61264615398543
113,25097.138671875,11088438.502506532,10584963.938976984,8065819.530473762,1.5959534703783858,14.486488785476947,-16.099527390283864,0.0,0.0,-0.20181009385727464,1.5959534703783858,-1.3822189156954232,16.099527390283864
114,25319.515625,10759293.056628283,10378598.396220308,8167424.985198924,1.9555358463088441,15.590976403627309,-17.54710310017949,0.0,0.0,-0.1564502969874279,1.9555358463088441,-1.1969858245617866,17.54710310017949
115,25541.890625,10373780.416761303,10122783.815001931,8395388.07300913,2.4067219489848997,16.282043975530264,-18.67550029318591,0.0,0.0,-0.10637088950434041,2.4067219489848997,-0.9189627498007154,18.67550029318591
116,25764.267578125,9908790.08356431,9850942.980395222,8714205.560666298,2.8687746926185143,16.428161998115435,-19.299018182875855,0.0,0.0,-0.025428227587829637,2.8687746926185143,-0.557928276796691,19.299018182875855
117,25986.64453125,9453419.60722139,9579228.649192099,9026343.696035553,3.2606093332149504,16.347851838125102,-19.626798448055236,0.0,0.0,0.05741604403053476,3.2606093332149504,-0.2007706914450177,19.626798448055236
118,26209.01953125,9080848.364308193,9310458.600819876,9298415.991949055,3.5160054684400026,16.065990308704677,-19.57189788105648,0.0,0.0,0.10844649633168933,3.5160054684400026,0.10282548009629293,19.57189788105648
119,26431.396484375,8761120.698839607,9038925.929527052,9543543.657413077,3.7441059466297393,15.337743287115575,-19.08106833469199,0.0,0.0,0.13557164037862535,3.7441059466297393,0.3715000105103148,19.08106833469199
120,26653.771484375,8472787.87233333,8759625.133350816,9781387.38646141,3.9705547878464493,13.817988628434026,-17.779170029335432,0.0,0.0,0.14459187613024632,3.9705547878464493,0.6237412584549655,17.779170029335432
121,26876.1484375,8271894.300061382,8485866.828094102,9966983.860242855,4.051976687133026,11.97206259016571,-16.019699296506715,0.0,0.0,0.11091235654530662,4.051976687133026,0.8095877871627877,16.019699296506715
122,27098.525390625,8084987.754571484,8265098.701416115,10092625.779449757,3.7367188207456046,9.872195574901255,-13.607955517390113,0.0,0.0,0.09568677796966912,3.7367188207456046,0.9632480404986252,13.607955517390113
123,27320.900390625,7954227.166544201,8023958.538221685,10099083.708463728,3.212880399456905,7.801536858986376,-10.998078077667753,0.0,0.0,0.037906859713027014,3.212880399456905,1.0368398202000766,10.998078077667753
124,27543.27734375,7870152.232161965,7801778.635464187,9918637.894074667,2.594009059928946,5.597551055817103,-8.16866171903201,0.0,0.0,-0.037895093345857805,2.594009059928946,1.0046890250264635,8.16866171903201
125,27765.654296875,7779266.500723187,7560429.437861749,9632951.621752257,2.506229521368682,3.541707876825251,-6.06031211683662,0.0,0.0,-0.12392185284115677,2.506229521368682,0.9282072946750737,6.06031211683662
126,27988.029296875,7640537.7660352,7320177.686438609,9148014.281292163,2.1645402194512937,1.5617065180240268,-3.7442750210905875,0.0,0.0,-0.18602303677670726,2.1645402194512937,0.7820290721050678,3.7442750210905875
127,28210.40625,7501091.164858805,7080620.602365315,8466025.3161182,1.952607401746063,-0.1979877626772807,-1.7578530025641006,0.0,0.0,-0.2505311930393889,1.952607401746063,0.5255511910632997,1.7578530025641006
128,28432.78125,7393010.377638199,6821885.258570603,7613733.081063097,1.628384358379443,-1.4835936094686835,-0.14583573675852857,0.0,0.0,-0.3491690535091569,1.628384358379443,0.12776331617313352,0.14583573675852857
129,28655.158203125,7237848.37112713,6545307.567287897,6701767.953890107,1.8387239768322985,-2.7049023987723277,0.856052436008442,0.0,0.0,-0.4367942155916261,1.8387239768322985,-0.33420094159142716,-0.856052436008442
130,28877.53515625,7042364.993083704,6304000.681997988,5804559.504970107,2.2969099894882095,-3.787643471454408,1.5031295210220597,0.0,0.0,-0.4810227855203043,2.2969099894882095,-0.8394926232884357,-1.5031295210220597
131,29099.91015625,6814815.842288979,6111698.594374452,4931478.418274646,2.8366626259901073,-4.113124673377365,1.2797988013954442,0.0,0.0,-0.47292195978344803,2.8366626259901073,-1.4047698747704787,-1.2797988013954442
132,29322.287109375,6574372.849696693,5876305.577673232,4094983.457744059,3.4450806178779088,-3.2152058463543476,-0.23674761822015777,0.0,0.0,-0.48749958666392246,3.4450806178779088,-2.056021787009895,0.23674761822015777
133,29544.6640625,6325589.586735869,5672109.218761824,3397605.9591545416,4.007283211145854,-1.0392645370024074,-2.998263307067135,0.0,0.0,-0.47356426077279573,4.007283211145854,-2.6992800114473643,2.998263307067135
134,29767.0390625,6065012.3363836985,5442767.110580033,2874300.4382096175,5.082748481177635,2.6230697246177748,-7.689939146998513,0.0,0.0,-0.47011936789942843,5.082748481177635,-3.24299527471956,7.689939146998513
135,29989.416015625,5693061.486179225,5282321.077929638,2562536.474417329,6.237829369152021,8.075493566527976,-14.319429916164594,0.0,0.0,-0.32521078693256994,6.237829369152021,-3.466758185700769,14.319429916164594
136,30211.79296875,5454284.571768412,5114310.079569785,2403564.923693315,6.683976182065889,13.237151426131014,-19.909279032692986,0.0,0.0,-0.2795073739725199,6.683976182065889,-3.558819355388227,19.909279032692986
137,30434.16796875,5140734.583764039,4937567.861484005,2439892.2756300615,7.027270433153283,19.123052762369532,-26.176346119231667,0.0,0.0,-0.17512104233082024,7.027270433153283,-3.2365452970829214,26.176346119231667
138,30656.544921875,4858129.128026546,4779957.303631859,2654892.9189299513,7.922819140915154,23.720146110220668,-31.637201430649554,0.0,0.0,-0.07045036727833776,7.922819140915154,-2.624220449133794,31.637201430649554
139,30878.919921875,4609284.717046846,4645503.323123044,2993493.6411055066,8.540795434510805,26.847482762769076,-35.39756662916681,0.0,0.0,0.033992396142167536,8.540795434510805,-1.8745519552977297,35.39756662916681
140,31101.296875,4378416.938899418,4563504.902448661,3417069.6246005287,8.891717369222619,28.347734389721936,-37.25355546228692,0.0,0.0,0.17981406112665183,8.891717369222619,-1.0766328743580944,37.25355546228692
141,31323.673828125,4225112.463309208,4433934.744420329,3840031.991733783,8.60443030290149,28.797339070251326,-37.41435853031696,0.0,0.0,0.20951023765602156,8.60443030290149,-0.41503430876348973,37.41435853031696
142,31546.048828125,4121579.316324408,4314634.546307137,4288826.3555107135,8.37612489233653,28.038605269717756,-36.40217833047103,0.0,0.0,0.1988035455713583,8.37612489233653,0.17274801141309953,36.40217833047103
143,31768.42578125,4070492.3605096205,4212458.158761309,4730644.288764901,7.962696397983661,26.302907910585663,-34.24545372614065,0.0,0.0,0.1488865617134414,7.962696397983661,0.6527334938389835,34.24545372614065
144,31990.802734375,4028497.4281600025,4116909.829501786,5093308.37209023,7.382371998606656,23.863058581349367,-31.221882135979662,0.0,0.0,0.0942826425788596,7.382371998606656,1.0185688041699066,31.221882135979662
145,32213.177734375,4006109.86193435,4024207.10114686,5345172.893804133,6.326494847248684,20.99778300478279,-27.324408815595852,0.0,0.0,0.019574680475146208,6.326494847248684,1.2523890233034674,27.324408815595852
146,32435.5546875,4015593.511623388,3918658.691147502,5486527.745200345,4.9070018156946755,17.926708155961183,-22.854941794111152,0.0,0.0,-0.10612305053441129,4.9070018156946755,1.355478359252428,22.854941794111152
147,32657.931640625,3982548.890770189,3791041.8712009653,5577278.237183647,4.382104406257044,14.317896418731644,-18.70068537645895,0.0,0.0,-0.21402534876647353,4.382104406257044,1.4626119493969285,18.70068537645895
148,32880.30859375,3945769.029523219,3677148.547350861,5540208.644370899,4.362227351450443,10.673558197849541,-15.027996684415696,0.0,0.0,-0.30620485090689586,4.362227351450443,1.473944608806403,15.027996684415696
149,33102.68359375,3900362.842783111,3551161.3306159973,5340816.187183555,4.084727633489388,7.086413460211322,-11.16806904361513,0.0,0.0,-0.40734607519784316,4.084727633489388,1.3650262084637856,11.16806904361513
150,33325.05859375,3795140.20925818,3411449.948852665,5038895.7894895915,3.9745811777018982,3.517005306306329,-7.5010351890135905,0.0,0.0,-0.4628882138251555,3.9745811777018982,1.231075514229617,7.5010351890135905
151,33547.4375,3683791.52552396,3227782.7595440615,4604639.056780913,3.8723755001041127,0.10093788535869572,-3.9769534040356547,0.0,0.0,-0.5739074688973137,3.8723755001041127,0.9690054841599935,3.9769534040356547
152,33769.8125,3569128.307905524,2971425.2514703125,4071868.6382890856,4.202321915033645,-3.253390857350663,-0.9643831287611142,0.0,0.0,-0.7959735113450305,4.202321915033645,0.5723159802207877,0.9643831287611142
153,33992.1875,3380665.2098495886,2828509.1078264085,3569782.2823520335,4.509068377642826,-6.171083424207473,1.6603203321087876,0.0,0.0,-0.7744458283230939,4.509068377642826,0.23639565366452403,-1.6603203321087876
154,34214.5625,3203438.778931332,2680378.5391979814,3003282.167656072,4.8782571571564315,-8.773631841446818,3.919673566181599,0.0,0.0,-0.7742029654286895,4.8782571571564315,-0.28020291158187294,-3.919673566181599
155,34436.94140625,2997824.078014929,2550965.2506980337,2436910.421836585,5.090398524105086,-10.643137084123168,5.586742334608623,0.0,0.0,-0.7010160077762745,5.090398524105086,-0.8996657817151472,-5.586742334608623
156,34659.31640625,2777928.0930084987,2404614.040962497,1926900.9209924866,5.138359704554424,-11.279136200649498,6.138432607608461,0.0,0.0,-0.6267562108311029,5.138359704554424,-1.5886161547229436,-6.138432607608461
157,34881.69140625,2575843.48510175,2276103.5154927364,1503063.1983060567,6.133700791381273,-11.028643405303876,4.9243333016831,0.0,0.0,-0.5372746107408268,6.133700791381273,-2.3394222917166667,-4.9243333016831
158,35104.0703125,2377204.55175623,2203450.8526354283,1197617.3022627106,7.613621716982436,-8.965106522770487,1.3133119440510004,0.0,0.0,-0.3296318501789769,7.613621716982436,-2.9774849141677646,-1.3133119440510004
159,35326.4453125,2228179.5171507755,2111050.6971898936,962840.6548716661,7.861965531838949,-4.0795132596731225,-3.783055163404832,0.0,0.0,-0.2345151452199558,7.861965531838949,-3.6439575801034554,3.783055163404832
160,35548.8203125,2110465.6040744754,2031746.5561989648,837352.1959443954,7.768688315560219,2.730649136902157,-10.51568455104751,0.0,0.0,-0.1650874620942723,7.768688315560219,-4.0147011491909215,10.51568455104751
161,35771.19921875,2047293.4123707616,1943624.2285273462,824956.6280272163,7.804554513076191,10.497514239346746,-18.272808008841267,0.0,0.0,-0.2256778480958619,7.804554513076191,-3.947489728126911,18.272808008841267
162,35993.57421875,1971398.008997006,1906519.4048860627,920053.1501011795,7.469424960490997,16.470509924489328,-23.951386802647328,0.0,0.0,-0.14533083648300432,7.469424960490997,-3.3096139698913714,23.951386802647328
163,36215.94921875,1935908.7479748745,1915288.0897293324,1077627.2802616823,6.858724277792634,21.23735627101106,-28.101864930176355,0.0,0.0,-0.04650774317432823,6.858724277792634,-2.5441630524886167,28.101864930176355
164,36438.328125,1928798.5320400798,1923582.4404725323,1305141.650995927,5.868042692513843,23.444551731105257,-29.32735884680114,0.0,0.0,-0.011760629000012386,5.868042692513843,-1.6962921730458027,29.32735884680114
165,36660.703125,1964819.2736799566,1918608.4862619063,1570841.699781482,5.398256632146079,23.995114606643853,-29.44391780491609,0.0,0.0,-0.10336248565456792,5.398256632146079,-0.9719018805331409,29.44391780491609
166,36883.078125,2011648.1226730454,1919059.522260244,1852566.3049353948,5.48910817955719,22.781059201940142,-28.22865262940278,0.0,0.0,-0.20463571088781687,5.48910817955719,-0.35778255570347084,28.22865262940278
167,37105.45703125,2053960.968830267,1928547.4793893038,2115268.720891928,5.210664055106815,20.95814846280716,-26.1663570893934,0.0,0.0,-0.27361851157237155,5.210664055106815,0.12773360907827058,26.1663570893934
168,37327.83203125,2106099.6873104195,1942175.2541353349,2330367.784713519,5.012802362250801,18.734003114539966,-23.738568907976592,0.0,0.0,-0.3519050731196196,5.012802362250801,0.43945544270506226,23.738568907976592
169,37550.20703125,2162540.086825396,1916139.0041424385,2463148.0931222113,4.622068512090378,16.41317688151475,-21.05683764908344,0.0,0.0,-0.5253715540349148,4.622068512090378,0.5652635724294827,21.05683764908344
170,37772.5859375,2205485.7130955216,1859509.0117816806,2505550.9291977957,4.811264904016044,13.633632784960454,-18.461237837273913,0.0,0.0,-0.7410596137804464,4.811264904016044,0.5539898606568929,18.461237837273913
171,37994.9609375,2206598.540519092,1833331.8562287744,2511623.563316743,5.495630518547918,10.216247921510469,-15.752256041986819,0.0,0.0,-0.8048224172689443,5.495630518547918,0.5623122223593107,15.752256041986819
172,38217.3359375,2145147.4946604352,1818492.8687135177,2451076.234705765,6.20559631149707,6.776227360176401,-12.972169087971647,0.0,0.0,-0.7174555619341126,6.20559631149707,0.5789966063951506,12.972169087971647
173,38439.7109375,2068481.9519729088,1752978.5652646478,2292703.8325269925,6.822487655925723,3.7033348385736375,-10.572876900920406,0.0,0.0,-0.7187513017567144,6.822487655925723,0.44696221032126643,10.572876900920406
174,38662.08984375,1986853.7843484445,1659396.12568735,2078502.0594312488,7.70626676305662,0.6946705162395712,-8.385985673810993,0.0,0.0,-0.7821583610362838,7.70626676305662,0.1958455127089974,8.385985673810993
175,38884.46484375,1895425.9391724914,1545248.524241691,1824036.8177720117,9.206632691711917,-2.348012736492217,-6.8132888596980665,0.0,0.0,-0.8870848221105841,9.206632691711917,-0.16673219493876776,6.8132888596980665
176,39106.83984375,1784983.3364084214,1439287.6463151884,1547119.9342812633,11.162680319393147,-5.365229633259927,-5.775707257721097,0.0,0.0,-0.9348656836529143,11.162680319393147,-0.6211018419425789,5.775707257721097
177,39329.21875,1652627.847610237,1335785.0825141706,1271434.6220589266,12.216811008096482,-7.393658700691079,-4.826818902642209,0.0,0.0,-0.9243847742474995,12.216811008096482,-1.13881033162854,4.826818902642209
178,39551.59375,1515373.6376471315,1212486.2306185735,1012452.6349357406,12.625011580487865,-8.306685000875856,-4.355802475354915,0.0,0.0,-0.9684291241537336,12.625011580487865,-1.75145012749814,4.355802475354915
179,39773.96875,1399279.3898708601,1093319.013887717,789823.7165768065,12.85183529624879,-7.7173874110870795,-5.155840364622986,0.0,0.0,-1.0715753643515082,12.85183529624879,-2.483742669579793,5.155840364622986
180,39996.34765625,1279609.791994742,996222.1505673679,617701.7657439178,13.526679206588858,-6.4661558150366965,-7.093579510144133,0.0,0.0,-1.0872136093578375,13.526679206588858,-3.162987119881426,7.093579510144133
181,40218.72265625,1173183.6625359799,931659.8637231779,503372.9833061666,13.66063376913295,-2.947728911099461,-10.699545785301979,0.0,0.0,-1.0010862016041742,13.66063376913295,-3.6747610379509306,10.699545785301979
182,40441.09765625,1083376.2111762972,885379.563337002,448565.88946907234,12.877548226787532,1.8589394257376775,-14.711672619313013,0.0,0.0,-0.8764980188758188,12.877548226787532,-3.8295304987830274,14.711672619313013
183,40663.4765625,1020945.4021105913,819637.3412220546,422877.04153661017,11.83153785337057,7.232800405943318,-19.03226292609959,0.0,0.0,-0.9538078173952258,11.83153785337057,-3.8278841014688942,19.03226292609959
184,40885.8515625,986493.6753068033,731390.5224156715,426480.4066846645,12.939812675486017,11.035917108043105,-23.9572512341489,0.0,0.0,-1.2994497689452624,12.939812675486017,-3.6419522155781436,23.9572512341489
185,41108.2265625,950222.6375767139,704993.5287738412,464558.7938862578,11.901702351349847,13.593987214068495,-25.640766279062504,0.0,0.0,-1.2964024203226254,11.901702351349847,-3.1078468711021867,25.640766279062504
186,41330.60546875,924120.8933463591,685638.9786797921,525312.9595843919,9.69114179885682,15.481375747103375,-25.175749966241863,0.0,0.0,-1.2963328994674015,9.69114179885682,-2.453106741966726,25.175749966241863
187,41552.98046875,912560.4106376437,666350.9047711191,597648.8068729839,7.224768506935989,15.924610551344388,-23.135257245710996,0.0,0.0,-1.3655863222344493,7.224768506935989,-1.8381556713527556,23.135257245710996
188,41775.35546875,900035.4648573794,646630.7118241921,669227.3777965951,6.002590484153126,14.76017258352644,-20.907415843027096,0.0,0.0,-1.4360329500067601,6.002590484153126,-1.2868592319934538,20.907415843027096
189,41997.734375,900835.9350041125,631916.5556181576,725258.6640322115,5.926541447308701,13.074247695872462,-19.119490750885753,0.0,0.0,-1.5398596855811755,5.926541447308701,-0.9415277653445793,19.119490750885753
190,42220.109375,856653.5037389789,635585.0411461589,778691.5983561397,5.622001972709344,10.937189565988085,-16.58241439754996,0.0,0.0,-1.2963152821269919,5.622001972709344,-0.4143970657325219,16.58241439754996
191,42442.484375,831111.853484428,629110.8878017466,811489.7780736901,4.891358428750333,9.192857184380573,-14.055591504742203,0.0,0.0,-1.2093227491728715,4.891358428750333,-0.1037642274102285,14.055591504742203
192,42664.86328125,809308.3142311542,612127.7928507193,826711.787016307,4.466240327643092,7.436639158258058,-11.842717719012015,0.0,0.0,-1.21271903521778,4.466240327643092,0.09240127682694371,11.842717719012015
193,42887.23828125,800719.3094153344,575412.1556594311,824911.9474404474,5.291376036124798,5.027465772612874,-10.319392831754648,0.0,0.0,-1.4350126950166193,5.291376036124798,0.1292729198072787,10.319392831754648
194,43109.61328125,754665.9492777165,549444.9729307906,782442.0350822939,5.710629315115938,3.248684748435572,-9.079697286216508,0.0,0.0,-1.378305507320646,5.710629315115938,0.15697419025924944,9.079697286216508
195,43331.98828125,696739.0161104067,520047.57565036596,713044.3889006764,5.6597613698689635,1.8728594504705065,-7.484784474462652,0.0,0.0,-1.2702705478249552,5.6597613698689635,0.10046435762444458,7.484784474462652
196,43554.3671875,613358.6364212368,483094.5817048671,625219.054563017,3.3793824269965373,2.36631491348454,-5.747717013419255,0.0,0.0,-1.0368231820303566,3.3793824269965373,0.08317720622180198,5.747717013419255
197,43776.7421875,554449.836156113,438888.7469142956,542314.0634783369,2.679920413921824,1.82608543434103,-4.544295994903037,0.0,0.0,-1.015078137745284,2.679920413921824,-0.09611392615095472,4.544295994903037
198,43999.1171875,498989.0731979655,398545.0731462239,454585.4510725875,1.6056549806060016,0.9246352937663185,-2.9794373896390063,0.0,0.0,-0.9761359089214573,1.6056549806060016,-0.4047550350691109,2.9794373896390063
199,44221.49609375,459144.4314451678,369155.45348063216,397427.32070053846,2.2428505491715733,0.6304362845794829,-2.9390420857352755,0.0,0.0,-0.9474003293703956,2.2428505491715733,-0.6269160262039902,2.9390420857352755
200,44443.87109375,427933.4594324563,370548.50979535945,350598.055765228,3.1826731675560445,-0.9001674697722915,-2.247446026245476,0.0,0.0,-0.6253117356244693,3.1826731675560445,-0.8656674120937933,2.247446026245476
201,44666.24609375,402179.6530666117,357195.867854886,315579.03491422685,2.276002027641058,-0.7131980418799585,-1.531201616793156,0.0,0.0,-0.5151366893944896,2.276002027641058,-1.0531195143836278,1.531201616793156
202,44888.625,389683.08482668106,336873.7994947362,294561.7448343466,0.6802591084424657,-0.1057684762000749,-0.561039739155974,0.0,0.0,-0.6324431970507928,0.6802591084424657,-1.215352108509873,0.561039739155974
